file,domain,domain_canon,OAAS1,OAAS2,OAAS3,d_pos_euclid,d_neg_euclid
W1_01.wav,music,music,-0.5954207642815079,-1.4797441140409884,0.4604206426898302,3.802538900397483,3.9751632589198
W1_02.wav,music,music,-1.116817403868397,-1.4342238267193366,-0.3139037111596099,3.8229831062573685,4.0564747241653025
W1_03.wav,music,music,-0.1694911472400826,-1.900905082404048,-0.2122287161532131,4.238075960130579,4.3261236828608665
W1_04.wav,music,music,-0.442746035370773,-1.0783481122644452,-0.7821415887360239,3.5141271722046845,3.629881810886541
W1_05.wav,music,music,8.985567892323187,-0.8812156163891499,4.095816874619465,10.752137523032427,10.268861924039378
W1_06.wav,music,music,-1.4646175181297023,-2.071304201015194,0.5881270418921913,4.507454193468381,4.785165640864773
W1_07.wav,music,music,-0.4527137649904876,-1.9973330426520173,0.6022435346229734,4.329942012013191,4.476535899564724
W1_08.wav,music,music,-0.2143447074545362,0.2020483861975167,0.1093471158262034,2.1259035064540157,2.232605194656443
W2_01.wav,music,music,-0.8037534316209027,-0.1290502014635611,0.1416404997142027,2.4575004483171154,2.705471704452987
W2_02.wav,music,music,-1.320526282743118,-0.5611960931601331,0.6394307513890143,3.0260481880031587,3.3573874458359554
W2_03.wav,music,music,-1.289235236184213,-0.4053410624885935,-0.0390592705250352,2.8345869848687784,3.15380399939325
W2_04.wav,music,music,-0.0225159753839707,-0.6016116350690116,-0.762103047825078,3.087072826954953,3.1204851484113174
W2_05.wav,music,music,0.0135347625511813,0.0928550803814571,-0.0895012506068431,2.286435719340867,2.321010916551242
W2_06.wav,music,music,-0.3127923944003612,-1.5852189185404453,0.52690774265012,3.9163881415931976,4.044422513816823
W2_07.wav,music,music,-0.7085055580404035,-0.6062736230167382,0.5913361004655153,2.955854439039559,3.174655619986536
W3_01.wav,music,music,-0.8033387393291499,-0.6403811691533136,-0.1593848456902387,2.981714707116326,3.195389941099669
W3_02.wav,music,music,-1.3025365816949095,-0.589676287494638,0.6434697846277757,3.0489066434267293,3.375578067769377
W3_03.wav,music,music,-0.4634530331702701,-1.273324040754759,1.1321401786169232,3.7140488392904936,3.8810141440841295
W3_04.wav,music,music,-0.9843388415244684,-0.8774035583197483,-0.4584261739162106,3.2810109175202515,3.507239660978419
W3_05.wav,music,music,-0.1635679048250887,0.2168373706419207,-1.5717503166116769,2.7309443927479546,2.743165299447244
W3_06.wav,music,music,-0.6196028895434451,-1.8924368275484795,0.4751291112525701,4.215622728701253,4.384951493919497
W3_07.wav,music,music,-0.968108949569936,-2.026231713886353,-0.5018863344362862,4.409679489456625,4.601667306524473
W4_01.wav,music,music,-0.8037534316209027,-0.1290502014635611,0.1416404997142027,2.4575004483171154,2.705471704452987
W4_02.wav,music,music,-1.320526282743118,-0.5611960931601331,0.6394307513890143,3.0260481880031587,3.3573874458359554
W4_03.wav,music,music,-1.289235236184213,-0.4053410624885935,-0.0390592705250352,2.8345869848687784,3.15380399939325
W4_04.wav,music,music,-0.0225159753839707,-0.6016116350690116,-0.762103047825078,3.087072826954953,3.1204851484113174
W4_05.wav,music,music,0.0135347625511813,0.0928550803814571,-0.0895012506068431,2.286435719340867,2.321010916551242
W4_06.wav,music,music,-0.3127923944003612,-1.5852189185404453,0.52690774265012,3.9163881415931976,4.044422513816823
W4_07.wav,music,music,-0.7085055580404035,-0.6062736230167382,0.5913361004655153,2.955854439039559,3.174655619986536
W5_01.wav,music,music,-0.8033387393291499,-0.6403811691533136,-0.1593848456902387,2.981714707116326,3.195389941099669
W5_02.wav,music,music,-1.3025365816949095,-0.589676287494638,0.6434697846277757,3.0489066434267293,3.375578067769377
W5_03.wav,music,music,-0.4634530331702701,-1.273324040754759,1.1321401786169232,3.7140488392904936,3.8810141440841295
W5_04.wav,music,music,-0.9843388415244684,-0.8774035583197483,-0.4584261739162106,3.2810109175202515,3.507239660978419
W5_05.wav,music,music,-0.1635679048250887,0.2168373706419207,-1.5717503166116769,2.7309443927479546,2.743165299447244
W5_06.wav,music,music,-0.6196028895434451,-1.8924368275484795,0.4751291112525701,4.215622728701253,4.384951493919497
W5_07.wav,music,music,-0.968108949569936,-2.026231713886353,-0.5018863344362862,4.409679489456625,4.601667306524473
W6_01.wav,music,music,7.277017284417674,-0.6294403762311236,-1.8754832291987749,8.552576577698296,7.995022788355492
W6_02.wav,music,music,-1.386751458638167,-0.1064284185160125,-0.1440604965374754,2.5917502599935816,2.945015349670025
W6_03.wav,music,music,7.617793442096421,-1.1090519717088372,-1.920560092709888,9.04394952071248,8.498283782666261
W6_04.wav,music,music,-1.482433907925715,-0.9538487605783312,-0.4433888237194514,3.4605840746010585,3.7627501113719606
W6_05.wav,music,music,0.4675865255883913,-1.2495465712761242,-0.5988446839180059,3.7620296215720934,3.728193366686886
W6_06.wav,music,music,-0.3885974671064289,-1.479600900163366,1.0212453999887807,3.888419458488493,4.0387677515297815
W6_07.wav,music,music,-0.899469337447385,-0.9705398166670112,0.6696546169451779,3.3446385453795187,3.585448254781544
W7_01.wav,music,music,-0.7274312719607853,-0.5314779488856917,0.8126145036749107,2.925474991769354,3.1547920333607897
W7_02.wav,music,music,1.5825960757605202,-0.7554031444199829,-0.0042033345381354,3.705440915794426,3.4770058247762963
W7_03.wav,music,music,-1.1417109116876345,-1.9316012238768925,-0.6432030174694235,4.362682939409402,4.575598055916739
W7_04.wav,music,music,-0.7825117616195572,-1.9332218597752429,0.322457762501717,4.255313278963358,4.443831222403743
W7_05.wav,music,music,0.5256172629910854,-1.1437019224060527,0.8200735166472749,3.6617330218772994,3.652461193113087
W7_06.wav,music,music,-0.5072876450607992,-1.1108556925972042,0.8298725243644237,3.4863416135072463,3.658813324212417
W7_07.wav,music,music,1.915285260665352,-2.674754383630324,-1.5536603353499985,5.792688477177999,5.618040688559321
W8_01.wav,music,music,-0.899469337447385,-0.9705398166670112,0.6696546169451779,3.3446385453795187,3.585448254781544
W8_02.wav,music,music,7.277017284417674,-0.6294403762311236,-1.8754832291987749,8.552576577698296,7.995022788355492
W8_03.wav,music,music,-1.386751458638167,-0.1064284185160125,-0.1440604965374754,2.5917502599935816,2.945015349670025
W8_04.wav,music,music,7.617793442096421,-1.1090519717088372,-1.920560092709888,9.04394952071248,8.498283782666261
W8_05.wav,music,music,-1.482433907925715,-0.9538487605783312,-0.4433888237194514,3.4605840746010585,3.7627501113719606
W8_06.wav,music,music,0.4675865255883913,-1.2495465712761242,-0.5988446839180059,3.7620296215720934,3.728193366686886
W8_08.wav,music,music,-0.3885974671064289,-1.479600900163366,1.0212453999887807,3.888419458488493,4.0387677515297815
W9_01.wav,music,music,-0.8033387393291499,-0.6403811691533136,-0.1593848456902387,2.981714707116326,3.195389941099669
W9_02.wav,music,music,-1.3025365816949095,-0.589676287494638,0.6434697846277757,3.0489066434267293,3.375578067769377
W9_03.wav,music,music,-0.4634530331702701,-1.273324040754759,1.1321401786169232,3.7140488392904936,3.8810141440841295
W9_04.wav,music,music,-0.9843388415244684,-0.8774035583197483,-0.4584261739162106,3.2810109175202515,3.507239660978419
W9_05.wav,music,music,-0.1635679048250887,0.2168373706419207,-1.5717503166116769,2.7309443927479546,2.743165299447244
W9_06.wav,music,music,-0.6196028895434451,-1.8924368275484795,0.4751291112525701,4.215622728701253,4.384951493919497
W9_07.wav,music,music,-0.968108949569936,-2.026231713886353,-0.5018863344362862,4.409679489456625,4.601667306524473
W10_01.wav,music,music,-0.5954207642815079,-1.4797441140409884,0.4604206426898302,3.802538900397483,3.9751632589198
W10_02.wav,music,music,-1.116817403868397,-1.4342238267193366,-0.3139037111596099,3.8229831062573685,4.0564747241653025
W10_03.wav,music,music,-0.1694911472400826,-1.900905082404048,-0.2122287161532131,4.238075960130579,4.3261236828608665
W10_04.wav,music,music,-0.442746035370773,-1.0783481122644452,-0.7821415887360239,3.5141271722046845,3.629881810886541
W10_05.wav,music,music,8.985567892323187,-0.8812156163891499,4.095816874619465,10.752137523032427,10.268861924039378
W10_06.wav,music,music,-1.4646175181297023,-2.071304201015194,0.5881270418921913,4.507454193468381,4.785165640864773
W10_07.wav,music,music,-0.4527137649904876,-1.9973330426520173,0.6022435346229734,4.329942012013191,4.476535899564724
W10_08.wav,music,music,-0.2143447074545362,0.2020483861975167,0.1093471158262034,2.1259035064540157,2.232605194656443
Negaive_01.wav,control_negative,challenge_reference,1.5959684207530938,0.9851981053842336,-0.5803589404056136,2.580724632869718,2.1331922220233555
Negative_02.wav,control_negative,challenge_reference,0.1399034583341609,-0.1177725659323337,1.067329516639196,2.670122688999868,2.7199433061542577
Negative_02_part1.wav,control_negative,challenge_reference,-0.6094601672414707,0.4556537332638108,-0.5437084360421973,1.9828900981069169,2.1720954965933807
Negative_02_part2.wav,control_negative,challenge_reference,-1.1199693162031192,0.0046061675004494,-0.3508074236909154,2.4399953955620672,2.7404823254510555
Negative_02_part3.wav,control_negative,challenge_reference,-0.0030316027199865,-0.5184714444546679,-3.056790787262164,4.304960252133811,4.271684937675283
Negative_03.wav,control_negative,challenge_reference,1.877633713339855,-0.5952803237737669,-3.4916068900313624,5.228692238874186,4.960619191520621
AfterNursing__SW__01.wav,vocalization,vocalization,-0.082980563405053,2.855170533451856,0.276666356461388,0.6953625693477375,0.5473872164331105
AfterNursing__SW__02.wav,vocalization,vocalization,-0.0831842857693972,2.841607223418773,0.2734965236174368,0.6840670390108715,0.535090793583401
Barren__SW__01.wav,vocalization,vocalization,-1.3065006961442365,0.6643889184480695,0.0291689587021219,1.8380505504340068,2.262128459834583
Barren__SW__02.wav,vocalization,vocalization,-1.300882927710072,0.6542084321209958,0.027344342639029,1.844825675793889,2.2664293805241726
BeforeNursing__SW__01.wav,vocalization,vocalization,-0.2922050822597513,3.0221539943609432,0.1409542140994785,0.7415278099723912,0.7556579340775397
BeforeNursing__SW__02.wav,vocalization,vocalization,-0.2954382376960834,3.012921388784592,0.1374162268421566,0.7318265706027638,0.7496051449621424
Castration__SW__01.wav,vocalization,vocalization,0.6501430349124923,3.3560331761790763,-0.0024176783316264,1.5592450492717909,1.081198509581227
Castration__SW__02.wav,vocalization,vocalization,0.646460221696735,3.327909944181866,-0.0050195230100986,1.5380282972060575,1.0549335425106219
Crushing__SW__01.wav,vocalization,vocalization,0.4224627460523301,2.9072420489595765,0.0977682149861981,1.096517529149586,0.5785209154589609
Crushing__SW__02.wav,vocalization,vocalization,0.4331411998241004,2.907354065862044,0.0841649333502178,1.1062779804823932,0.5830933617703276
Enriched__SW__01.wav,vocalization,vocalization,-1.0227072966314152,1.4043788853636814,0.1616851798272741,1.0473604873190647,1.536066295524653
Enriched__SW__02.wav,vocalization,vocalization,-1.0192937414882723,1.4269981672461796,0.1650325870652962,1.0261766004915365,1.5190532716735863
Fighting__SW__01.wav,vocalization,vocalization,0.3454602151112547,2.67533596950557,0.0211066991673867,0.926006362340651,0.34217396258240335
Fighting__SW__02.wav,vocalization,vocalization,0.333014551050536,2.677163770394756,0.0271325318846792,0.9146189120501477,0.33566949717458056
Huddling__SW__01.wav,vocalization,vocalization,-0.278840852667629,2.266418880509072,0.1134171055007872,0.22350007151053725,0.4424747348384968
Huddling__SW__02.wav,vocalization,vocalization,-0.2823655191520475,2.2828937199085586,0.1183489062674955,0.2166933652800916,0.4415957582385618
LongIsolation__SW__01.wav,vocalization,vocalization,0.1692976943986189,1.9745326409514723,0.1236954113621963,0.7441094507342018,0.43852199122740554
LongIsolation__SW__02.wav,vocalization,vocalization,0.2875413860996189,2.131835247360742,0.1346922695371173,0.802356733084849,0.32342577748915086
MissedNursing__SW__01.wav,vocalization,vocalization,-0.113320859891498,2.740464094052476,0.1468041776667622,0.5760186996573556,0.42772704375172765
MissedNursing__SW__02.wav,vocalization,vocalization,-0.1071526877108738,2.728327665559757,0.1405980155977676,0.5712428517129954,0.4133018426533219
NegativeConditioning__SW__01.wav,vocalization,vocalization,-1.6115699490083664,0.0792350099618692,0.042233567451418,2.49614020549643,2.9105338326329337
NegativeConditioning__SW__02.wav,vocalization,vocalization,-1.62030377729019,0.1020999198419652,0.0490162706473327,2.4793980044358648,2.897555206032051
NovelObject__SW__01.wav,vocalization,vocalization,0.216452309588236,1.0989827816242983,-0.0350640291613968,1.4159515705967436,1.3126203581242213
NovelObject__SW__02.wav,vocalization,vocalization,0.224085940569229,1.116648887918128,-0.0303240236323314,1.4041535057106909,1.2952052555161424
PositiveConditioning__SW__01.wav,vocalization,vocalization,-1.6288973252546903,0.2733971687476041,0.1003686077749693,2.330704054815703,2.769160132585087
PositiveConditioning__SW__02.wav,vocalization,vocalization,-1.6275556554743809,0.2805071879155043,0.1020889509537426,2.3238051610043513,2.7628605390471983
Restrain__SW__01.wav,vocalization,vocalization,0.7580423219050108,3.035057111615391,-0.1028619439210101,1.4703495541264526,0.8977918069309659
Restrain__SW__02.wav,vocalization,vocalization,0.829310220399046,2.985981894112458,-0.1235678710909554,1.5125179120961951,0.9204691777764192
Run__SW__01.wav,vocalization,vocalization,-0.7965101039324537,1.9810930271926936,0.0636948548834376,0.45419505655461395,1.0255069852678806
Run__SW__02.wav,vocalization,vocalization,-0.7948146084353976,1.9957086081506952,0.0696788100341269,0.4414543973661096,1.0180609680900803
ShortIsolation__SW__01.wav,vocalization,vocalization,0.0828167734616437,1.846764320874256,0.1244169251414676,0.7403003813525606,0.5664524877295615
ShortIsolation__SW__02.wav,vocalization,vocalization,0.0572253964670032,1.886243959261348,0.1337161581697182,0.6955376220214134,0.5320461487650134
ShortReunion__SW__01.wav,vocalization,vocalization,0.3374940284454479,3.1051500427349463,0.2221975053199616,1.1539720456356184,0.7465435912724795
ShortReunion__SW__02.wav,vocalization,vocalization,0.3349752384611582,3.092357559691321,0.2174224385354086,1.1430705072996858,0.7328128968047178
Surprise__SW__01.wav,vocalization,vocalization,-0.6391467493080365,1.117535111020706,0.0579405611954019,1.2037911196019724,1.5041753571997984
Surprise__SW__02.wav,vocalization,vocalization,-0.6365480878929355,1.131467581437524,0.0613140744712089,1.1894293212002809,1.490920913641294
brown_noise_01_180s.wav,noise_reference,noise_reference,5.136008311382991,-3.3542969290197058,-14.25669570205524,16.47392524423555,16.21601885739192
pink_noise_02_180s.wav,noise_reference,noise_reference,32.76788361153326,-3.326377666860816,-9.19224258285685,35.00686685702928,34.396824341497904
white_noise_03_180s.wav,noise_reference,noise_reference,40.64052373045098,-3.056504315642133,-7.851388005381592,42.2487921263462,41.62798739757573
