file,se_mean,se_std,se_p95,flatness_mean,flatness_std,flatness_p95,te_rms,mse_env,harm_ratio,domain,OAAS1,OAAS2,OAAS3
W1_01.wav,3.506444514005349,0.8798505216128728,4.652326148279988,0.0007833309762417,0.0130643246956345,8.810372323515974e-05,14.70451151077668,7.106713619220181,0.4214219648679881,music,-0.5954207642815079,-1.4797441140409884,0.4604206426898302
W1_02.wav,3.471075751290132,0.7357827381747284,4.529677058994157,0.0003920871629142,0.0083974949518708,5.02486765301896e-05,14.14671642225299,8.484064977059647,0.5773618466873848,music,-1.116817403868397,-1.4342238267193366,-0.3139037111596099
W1_03.wav,2.8522735710202767,1.229430858962464,4.094769715520547,0.0048539880145625,0.0287260929385536,0.0007861075992405,14.24790577109498,8.083853501973369,0.4743104109424256,music,-0.1694911472400826,-1.900905082404048,-0.2122287161532131
W1_04.wav,3.293341536416306,1.1038300411383146,4.352048686281415,0.0036542294387509,0.0215943985266093,0.0019758631148552,13.764072926108812,7.799023755429848,0.3830717360211045,music,-0.442746035370773,-1.0783481122644452,-0.7821415887360239
W1_05.wav,5.144571886644219,2.786630696999665,9.544344420735516,0.0625242396638798,0.0850818576156677,0.2057514057734021,17.603779190041916,7.0957485547025385,0.2376010222777728,music,8.985567892323187,-0.8812156163891499,4.095816874619465
W1_06.wav,2.7588507950559897,0.5926808541028786,3.548876869128978,0.0003005365906176,0.0060074376850751,6.274779174937006e-06,14.726639316020952,7.369971504540371,0.4243432804008157,music,-1.4646175181297023,-2.071304201015194,0.5881270418921913
W1_07.wav,2.864354108726891,1.0543495069076154,3.63327298241127,0.0033579566531766,0.0225431993673986,9.91767480751554e-07,14.773644007746457,6.87999070962606,0.3385860226759109,music,-0.4527137649904876,-1.9973330426520173,0.6022435346229734
W1_08.wav,3.7131555823582256,1.052667675013446,4.939981985935728,0.003013042153255,0.0151840082016971,0.0076255714519185,14.188295151320393,8.122916544995922,0.1587137647167486,music,-0.2143447074545362,0.2020483861975167,0.1093471158262034
W2_01.wav,3.557175861177174,0.9057889001835748,4.974690695874003,0.0001313125657097,0.0004695472409769,0.0003754355744158,14.203482650889493,8.044787414726114,0.2530500932570647,music,-0.8037534316209027,-0.1290502014635611,0.1416404997142027
W2_02.wav,3.0861742065297584,0.6735809343566076,4.085739061681792,0.0001309118929103,0.0010595305639087,0.0001974241034193,14.51422556795222,8.949348801991809,0.2856700750374502,music,-1.320526282743118,-0.5611960931601331,0.6394307513890143
W2_03.wav,3.0690766882867093,0.7446474864954608,4.279059863119936,3.676779246436149e-05,0.0005681327065456,8.306339318654063e-05,14.045492414213276,8.041765475849525,0.2167993018409905,music,-1.289235236184213,-0.4053410624885935,-0.0390592705250352
W2_04.wav,3.4269769509705994,1.1528760757922734,5.119447652365202,0.0046598443450391,0.020844063925477,0.0170224109487118,13.767741553403503,7.625635341881859,0.3073167967863943,music,-0.0225159753839707,-0.6016116350690116,-0.762103047825078
W2_05.wav,3.856287664121036,1.055354351838757,4.936763272758967,0.0050653155878877,0.0253299876680835,0.0104458054281685,14.126810886632766,8.71869068153847,0.2405870093875828,music,0.0135347625511813,0.0928550803814571,-0.0895012506068431
W2_06.wav,2.99813192504836,1.1107726368881148,4.239811319362598,0.0029769895834715,0.0206514578135811,1.517117518345514e-05,14.68788496289194,7.929553840081343,0.3940742293189722,music,-0.3127923944003612,-1.5852189185404453,0.52690774265012
W2_07.wav,3.519248938769162,0.8481158899153827,4.588796294968735,0.0009810110900959,0.0096772475462393,0.0003185892292696,14.603584509205811,8.100373213942039,0.295405382390777,music,-0.7085055580404035,-0.6062736230167382,0.5913361004655153
W3_01.wav,3.4589421091985124,0.9138476042978614,4.698599468803328,0.0005240613918497,0.0073325497796635,0.0001387482559844,14.100841778430356,7.764932842417341,0.3222128659570874,music,-0.8033387393291499,-0.6403811691533136,-0.1593848456902387
W3_02.wav,3.099201492890108,0.6796812926305194,4.112408266094039,0.0001332257126984,0.0010475383194863,0.0001820383776494,14.525147306792652,8.91780745494415,0.2931171564411103,music,-1.3025365816949095,-0.589676287494638,0.6434697846277757
W3_03.wav,2.8914232124775565,1.000344506922198,4.248735973485309,0.0021165938421549,0.013320645840477,0.004605319834836,15.006206337846953,7.920731855171255,0.2838957528019916,music,-0.4634530331702701,-1.273324040754759,1.1321401786169232
W3_04.wav,3.6686149944968793,0.7010315905448921,4.476768384380154,0.0020338805546247,0.0124894422456716,0.0038249894619396,13.9830302524854,8.020393288010355,0.4216864013515476,music,-0.9843388415244684,-0.8774035583197483,-0.4584261739162106
W3_05.wav,3.865375050961643,1.124231187834984,4.941241644590996,0.0050860963280798,0.0251398498384601,0.0093049400526435,13.11627627803436,7.848256964830634,0.2234493089482805,music,-0.1635679048250887,0.2168373706419207,-1.5717503166116769
W3_06.wav,3.0789610293765035,0.9589568164035192,4.1623732803734255,0.002035378850536,0.0164969848881312,1.0504196719723203e-05,14.709024960594656,7.839142209580999,0.4836970875719608,music,-0.6196028895434451,-1.8924368275484795,0.4751291112525701
W3_07.wav,3.412374182063917,0.7687580693981653,4.393920752757755,0.0011267193544059,0.0162202352448038,1.2275782675832889e-05,14.152582238146664,7.753989677272983,0.6303346443277834,music,-0.968108949569936,-2.026231713886353,-0.5018863344362862
W4_01.wav,3.557175861177174,0.9057889001835748,4.974690695874003,0.0001313125657097,0.0004695472409769,0.0003754355744158,14.203482650889493,8.044787414726114,0.2530500932570647,music,-0.8037534316209027,-0.1290502014635611,0.1416404997142027
W4_02.wav,3.0861742065297584,0.6735809343566076,4.085739061681792,0.0001309118929103,0.0010595305639087,0.0001974241034193,14.51422556795222,8.949348801991809,0.2856700750374502,music,-1.320526282743118,-0.5611960931601331,0.6394307513890143
W4_03.wav,3.0690766882867093,0.7446474864954608,4.279059863119936,3.676779246436149e-05,0.0005681327065456,8.306339318654063e-05,14.045492414213276,8.041765475849525,0.2167993018409905,music,-1.289235236184213,-0.4053410624885935,-0.0390592705250352
W4_04.wav,3.4269769509705994,1.1528760757922734,5.119447652365202,0.0046598443450391,0.020844063925477,0.0170224109487118,13.767741553403503,7.625635341881859,0.3073167967863943,music,-0.0225159753839707,-0.6016116350690116,-0.762103047825078
W4_05.wav,3.856287664121036,1.055354351838757,4.936763272758967,0.0050653155878877,0.0253299876680835,0.0104458054281685,14.126810886632766,8.71869068153847,0.2405870093875828,music,0.0135347625511813,0.0928550803814571,-0.0895012506068431
W4_06.wav,2.99813192504836,1.1107726368881148,4.239811319362598,0.0029769895834715,0.0206514578135811,1.517117518345514e-05,14.68788496289194,7.929553840081343,0.3940742293189722,music,-0.3127923944003612,-1.5852189185404453,0.52690774265012
W4_07.wav,3.519248938769162,0.8481158899153827,4.588796294968735,0.0009810110900959,0.0096772475462393,0.0003185892292696,14.603584509205811,8.100373213942039,0.295405382390777,music,-0.7085055580404035,-0.6062736230167382,0.5913361004655153
W5_01.wav,3.4589421091985124,0.9138476042978614,4.698599468803328,0.0005240613918497,0.0073325497796635,0.0001387482559844,14.100841778430356,7.764932842417341,0.3222128659570874,music,-0.8033387393291499,-0.6403811691533136,-0.1593848456902387
W5_02.wav,3.099201492890108,0.6796812926305194,4.112408266094039,0.0001332257126984,0.0010475383194863,0.0001820383776494,14.525147306792652,8.91780745494415,0.2931171564411103,music,-1.3025365816949095,-0.589676287494638,0.6434697846277757
W5_03.wav,2.8914232124775565,1.000344506922198,4.248735973485309,0.0021165938421549,0.013320645840477,0.004605319834836,15.006206337846953,7.920731855171255,0.2838957528019916,music,-0.4634530331702701,-1.273324040754759,1.1321401786169232
W5_04.wav,3.6686149944968793,0.7010315905448921,4.476768384380154,0.0020338805546247,0.0124894422456716,0.0038249894619396,13.9830302524854,8.020393288010355,0.4216864013515476,music,-0.9843388415244684,-0.8774035583197483,-0.4584261739162106
W5_05.wav,3.865375050961643,1.124231187834984,4.941241644590996,0.0050860963280798,0.0251398498384601,0.0093049400526435,13.11627627803436,7.848256964830634,0.2234493089482805,music,-0.1635679048250887,0.2168373706419207,-1.5717503166116769
W5_06.wav,3.0789610293765035,0.9589568164035192,4.1623732803734255,0.002035378850536,0.0164969848881312,1.0504196719723203e-05,14.709024960594656,7.839142209580999,0.4836970875719608,music,-0.6196028895434451,-1.8924368275484795,0.4751291112525701
W5_07.wav,3.412374182063917,0.7687580693981653,4.393920752757755,0.0011267193544059,0.0162202352448038,1.2275782675832889e-05,14.152582238146664,7.753989677272983,0.6303346443277834,music,-0.968108949569936,-2.026231713886353,-0.5018863344362862
W6_01.wav,3.405785018426928,1.9931723827759624,9.849342802906405,0.0346439092800731,0.1170875069323587,0.4318361827913257,14.190479812145965,8.876250022932767,0.3077738025611533,music,7.277017284417674,-0.6294403762311236,-1.8754832291987749
W6_02.wav,4.205722535140157,0.4101114347231092,4.807596568909004,8.442511905461117e-06,7.212626876673603e-06,1.9943204327750542e-05,14.096515514828816,7.534440373090892,0.3076429559422546,music,-1.386751458638167,-0.1064284185160125,-0.1440604965374754
W6_03.wav,3.5640037050349456,2.1390453995777907,9.916399355348489,0.0379469602420862,0.1183358381125465,0.4276113817130285,14.234858601429757,8.762559825598458,0.4399622449972512,music,7.617793442096421,-1.1090519717088372,-1.9205600927098876
W6_04.wav,3.3216749647518267,0.5855833582134868,4.3350328631465445,1.7176395221718156e-06,2.512794292908951e-05,3.948224916336276e-06,13.920430175496527,7.221962250993186,0.3440326693125308,music,-1.482433907925715,-0.9538487605783312,-0.4433888237194514
W6_05.wav,3.2741432404243827,1.1518855460843311,4.292975213970078,0.0078931029949903,0.0600657721369852,2.3277481245171007e-05,14.075504768173309,7.421054868072158,0.2658486325522675,music,0.4675865255883913,-1.2495465712761242,-0.5988446839180059
W6_06.wav,2.848811892312646,0.9398698804671656,4.070454557243527,0.0022409954622668,0.0276964205669007,0.0001168016170566,15.024911859147144,7.873097778448963,0.282605039864853,music,-0.3885974671064289,-1.479600900163366,1.0212453999887807
W6_07.wav,2.92570372553419,0.8049640435146843,4.273387000829834,0.0005800355021924,0.0163032574817558,2.4757678770748423e-05,14.669270089383376,9.75166311260159,0.3995487221823599,music,-0.899469337447385,-0.9705398166670112,0.6696546169451779
W7_01.wav,3.2672854693721147,0.7901360524852543,4.4570888119039465,0.0005789939128057,0.0163825209060155,1.1914094106530672e-05,14.741048426983015,8.519997986924244,0.2373211061795267,music,-0.7274312719607853,-0.5314779488856917,0.8126145036749107
W7_02.wav,3.136223710946192,1.4185951244471915,4.6925905089980775,0.0148836097147315,0.0743480828883718,0.0213932560722386,14.418288765967006,8.997274759004567,0.1960731242744589,music,1.5825960757605202,-0.7554031444199829,-0.0042033345381354
W7_03.wav,3.557580739574993,0.6259597399653669,4.461563660308368,0.0003098596137356,0.0120863818654749,1.5363972036344917e-05,14.067182719234236,5.964346763739693,0.4941352769913341,music,-1.1417109116876345,-1.9316012238768925,-0.6432030174694235
W7_04.wav,3.046923564547888,0.7365165530237684,3.924360676637306,0.0015930036824165,0.0271702534928389,5.930089781073056e-06,14.673321294764088,7.105861999799584,0.3899977466120627,music,-0.7825117616195572,-1.9332218597752429,0.322457762501717
W7_05.wav,3.295262481372503,1.0859413500376112,4.332448746658505,0.0061795749482877,0.0563197938153509,7.342390241479516e-05,15.001227177852616,7.924817549696946,0.2186996172717427,music,0.5256172629910854,-1.1437019224060527,0.8200735166472749
W7_06.wav,2.967036605403686,0.9129084395535344,4.209477588994951,0.0018600015848907,0.0223650706949301,0.0005322539989695,14.828665591778565,7.935854201244694,0.2494948215915224,music,-0.5072876450607992,-1.1108556925972042,0.8298725243644237
W7_07.wav,3.3177283525586008,1.4338603195318766,4.355182931250342,0.0202387486305718,0.1041729140253046,3.273721134472044e-05,13.828482337231296,6.959012099405957,0.5043961035209343,music,1.915285260665352,-2.674754383630324,-1.5536603353499985
W8_01.wav,2.92570372553419,0.8049640435146843,4.273387000829834,0.0005800355021924,0.0163032574817558,2.4757678770748423e-05,14.669270089383376,9.75166311260159,0.3995487221823599,music,-0.899469337447385,-0.9705398166670112,0.6696546169451779
W8_02.wav,3.405785018426928,1.9931723827759624,9.849342802906405,0.0346439092800731,0.1170875069323587,0.4318361827913257,14.190479812145965,8.876250022932767,0.3077738025611533,music,7.277017284417674,-0.6294403762311236,-1.8754832291987749
W8_03.wav,4.205722535140157,0.4101114347231092,4.807596568909004,8.442511905461117e-06,7.212626876673603e-06,1.9943204327750542e-05,14.096515514828816,7.534440373090892,0.3076429559422546,music,-1.386751458638167,-0.1064284185160125,-0.1440604965374754
W8_04.wav,3.5640037050349456,2.1390453995777907,9.916399355348489,0.0379469602420862,0.1183358381125465,0.4276113817130285,14.234858601429757,8.762559825598458,0.4399622449972512,music,7.617793442096421,-1.1090519717088372,-1.9205600927098876
W8_05.wav,3.3216749647518267,0.5855833582134868,4.3350328631465445,1.7176395221718156e-06,2.512794292908951e-05,3.948224916336276e-06,13.920430175496527,7.221962250993186,0.3440326693125308,music,-1.482433907925715,-0.9538487605783312,-0.4433888237194514
W8_06.wav,3.2741432404243827,1.1518855460843311,4.292975213970078,0.0078931029949903,0.0600657721369852,2.3277481245171007e-05,14.075504768173309,7.421054868072158,0.2658486325522675,music,0.4675865255883913,-1.2495465712761242,-0.5988446839180059
W8_08.wav,2.848811892312646,0.9398698804671656,4.070454557243527,0.0022409954622668,0.0276964205669007,0.0001168016170566,15.024911859147144,7.873097778448963,0.282605039864853,music,-0.3885974671064289,-1.479600900163366,1.0212453999887807
W9_01.wav,3.4589421091985124,0.9138476042978614,4.698599468803328,0.0005240613918497,0.0073325497796635,0.0001387482559844,14.100841778430356,7.764932842417341,0.3222128659570874,music,-0.8033387393291499,-0.6403811691533136,-0.1593848456902387
W9_02.wav,3.099201492890108,0.6796812926305194,4.112408266094039,0.0001332257126984,0.0010475383194863,0.0001820383776494,14.525147306792652,8.91780745494415,0.2931171564411103,music,-1.3025365816949095,-0.589676287494638,0.6434697846277757
W9_03.wav,2.8914232124775565,1.000344506922198,4.248735973485309,0.0021165938421549,0.013320645840477,0.004605319834836,15.006206337846953,7.920731855171255,0.2838957528019916,music,-0.4634530331702701,-1.273324040754759,1.1321401786169232
W9_04.wav,3.6686149944968793,0.7010315905448921,4.476768384380154,0.0020338805546247,0.0124894422456716,0.0038249894619396,13.9830302524854,8.020393288010355,0.4216864013515476,music,-0.9843388415244684,-0.8774035583197483,-0.4584261739162106
W9_05.wav,3.865375050961643,1.124231187834984,4.941241644590996,0.0050860963280798,0.0251398498384601,0.0093049400526435,13.11627627803436,7.848256964830634,0.2234493089482805,music,-0.1635679048250887,0.2168373706419207,-1.5717503166116769
W9_06.wav,3.0789610293765035,0.9589568164035192,4.1623732803734255,0.002035378850536,0.0164969848881312,1.0504196719723203e-05,14.709024960594656,7.839142209580999,0.4836970875719608,music,-0.6196028895434451,-1.8924368275484795,0.4751291112525701
W9_07.wav,3.412374182063917,0.7687580693981653,4.393920752757755,0.0011267193544059,0.0162202352448038,1.2275782675832889e-05,14.152582238146664,7.753989677272983,0.6303346443277834,music,-0.968108949569936,-2.026231713886353,-0.5018863344362862
W10_01.wav,3.506444514005349,0.8798505216128728,4.652326148279988,0.0007833309762417,0.0130643246956345,8.810372323515974e-05,14.70451151077668,7.106713619220181,0.4214219648679881,music,-0.5954207642815079,-1.4797441140409884,0.4604206426898302
W10_02.wav,3.471075751290132,0.7357827381747284,4.529677058994157,0.0003920871629142,0.0083974949518708,5.02486765301896e-05,14.14671642225299,8.484064977059647,0.5773618466873848,music,-1.116817403868397,-1.4342238267193366,-0.3139037111596099
W10_03.wav,2.8522735710202767,1.229430858962464,4.094769715520547,0.0048539880145625,0.0287260929385536,0.0007861075992405,14.24790577109498,8.083853501973369,0.4743104109424256,music,-0.1694911472400826,-1.900905082404048,-0.2122287161532131
W10_04.wav,3.293341536416306,1.1038300411383146,4.352048686281415,0.0036542294387509,0.0215943985266093,0.0019758631148552,13.764072926108812,7.799023755429848,0.3830717360211045,music,-0.442746035370773,-1.0783481122644452,-0.7821415887360239
W10_05.wav,5.144571886644219,2.786630696999665,9.544344420735516,0.0625242396638798,0.0850818576156677,0.2057514057734021,17.603779190041916,7.0957485547025385,0.2376010222777728,music,8.985567892323187,-0.8812156163891499,4.095816874619465
W10_06.wav,2.7588507950559897,0.5926808541028786,3.548876869128978,0.0003005365906176,0.0060074376850751,6.274779174937006e-06,14.726639316020952,7.369971504540371,0.4243432804008157,music,-1.4646175181297023,-2.071304201015194,0.5881270418921913
W10_07.wav,2.864354108726891,1.0543495069076154,3.63327298241127,0.0033579566531766,0.0225431993673986,9.91767480751554e-07,14.773644007746457,6.87999070962606,0.3385860226759109,music,-0.4527137649904876,-1.9973330426520173,0.6022435346229734
W10_08.wav,3.7131555823582256,1.052667675013446,4.939981985935728,0.003013042153255,0.0151840082016971,0.0076255714519185,14.188295151320393,8.122916544995922,0.1587137647167486,music,-0.2143447074545362,0.2020483861975167,0.1093471158262034
Negaive_01.wav,5.189572974900994,1.3680922241150213,7.300944877684849,0.0146418419408318,0.0127034095906275,0.0384916083951011,13.838392423378767,6.3049603170778274,0.1824379214458617,control_negative,1.5959684207530938,0.9851981053842336,-0.5803589404056136
Negative_02.wav,4.045599768382749,0.9393762677383128,5.484118789379173,0.0013903954215936,0.0237039202823172,0.0016993036529464,15.024627608745892,6.743439412475351,0.1190753939407053,control_negative,0.1399034583341609,-0.1177725659323337,1.067329516639196
Negative_02_part1.wav,4.241330287469649,0.8339529253623282,5.728522930623627,0.000302511134207,0.0006760102530328,0.0018485729384211,13.782848507697173,6.166654570713072,0.1281160158848485,control_negative,-0.6094601672414707,0.4556537332638108,-0.5437084360421973
Negative_02_part2.wav,3.6994295581530414,0.7305710647491555,4.72740006575908,0.000192437868455,0.0009747971226249,0.0007700611385154,13.86403741929174,7.643474214191855,0.2195659979039895,control_negative,-1.1199693162031192,0.0046061675004494,-0.3508074236909154
Negative_02_part3.wav,4.376959343376985,1.0963504938247195,5.441527682484651,0.0044328188460594,0.0363905653872325,0.0072439350534221,12.433585382694217,4.940516511913756,0.3097849748832373,control_negative,-0.0030316027199865,-0.5184714444546679,-3.056790787262164
Negative_03.wav,4.1361270615396215,1.4672360759839669,5.626823355410046,0.0173887127117825,0.0980324829814539,0.000155684425117,12.326171064780436,5.800406499555193,0.2228497509774024,control_negative,1.877633713339855,-0.5952803237737669,-3.4916068900313624
AfterNursing__SW__01.wav,5.06970638001741,0.950751561360161,6.631782495227806,0.001508158503781,0.0016514738722857,0.0047003469960063,13.994656382821548,11.101558736815264,0.1027082663728715,vocalization,-0.082980563405053,2.855170533451856,0.276666356461388
AfterNursing__SW__02.wav,5.066983487187684,0.9519367703734064,6.628838782223942,0.0015064399052375,0.0016372566352612,0.0046138369502139,13.994452602227948,11.077509970466362,0.1035809902800067,vocalization,-0.0831842857693972,2.841607223418773,0.2734965236174368
Barren__SW__01.wav,3.53195763817102,0.6526455531897913,4.715562105973945,6.044666038042067e-05,8.742093308781951e-05,0.0002022340967409,13.96052171572281,10.300611604772884,0.2465819911712887,vocalization,-1.3065006961442365,0.6643889184480695,0.0291689587021219
Barren__SW__02.wav,3.52297717103576,0.6558280567959793,4.71976155437018,5.9688610966692496e-05,8.54754718446758e-05,0.0002005649399869,13.960724818869014,10.24911787897176,0.2434808563799962,vocalization,-1.300882927710072,0.6542084321209958,0.027344342639029
BeforeNursing__SW__01.wav,5.505427387950149,0.7769079880918155,6.643185603271,0.000874803887041,0.0008327844737832,0.0025405215468563,13.928738606073864,10.874720942352615,0.1202482182800529,vocalization,-0.2922050822597513,3.0221539943609432,0.1409542140994785
BeforeNursing__SW__02.wav,5.507761929690633,0.7741192165471297,6.639838853177395,0.0008749692710271,0.0008322396027021,0.0025129522063038,13.928435850406476,10.842234062729307,0.1200041601707928,vocalization,-0.2954382376960834,3.012921388784592,0.1374162268421566
Castration__SW__01.wav,5.955698223458594,1.0621924828511822,7.346482495086952,0.0053247232927009,0.0045250119289409,0.0147423794256549,13.859639696722272,9.685569188336352,0.0310386621568371,vocalization,0.6501430349124923,3.3560331761790763,-0.0024176783316264
Castration__SW__02.wav,5.933982964377473,1.0668040592078698,7.3316570160387,0.0053242174396743,0.004515632098713,0.0146960222626848,13.859280897244306,9.70316253224561,0.0355508629875029,vocalization,0.646460221696735,3.327909944181866,-0.0050195230100986
Crushing__SW__01.wav,5.338521918681151,1.1870016352022466,7.066368734962499,0.0020757252024715,0.0028236901759322,0.0074462544774419,13.921821684860948,10.052525811535611,0.0697893882227624,vocalization,0.4224627460523301,2.9072420489595765,0.0977682149861981
Crushing__SW__02.wav,5.356900078647117,1.188606760325712,7.083015673433246,0.0020627686283078,0.0028201209493956,0.0076889793716874,13.916668520735517,9.975401042008627,0.0674353636095667,vocalization,0.4331411998241004,2.907354065862044,0.0841649333502178
Enriched__SW__01.wav,3.888443531766289,0.7146951670527606,5.124606872148113,0.0002652713573555,0.0003984061488663,0.0007762388163285,13.9750130803591,10.279298264177427,0.1323862277684516,vocalization,-1.0227072966314152,1.4043788853636814,0.1616851798272741
Enriched__SW__02.wav,3.894996076661936,0.7139221272827282,5.133968734112455,0.0002675515846284,0.0004220239283214,0.0007870000337579,13.97451032666508,10.291194358201498,0.1291496863905855,vocalization,-1.0192937414882723,1.4269981672461796,0.1650325870652962
Fighting__SW__01.wav,5.318192723771322,1.181014800809489,7.036146376281084,0.0018237763263507,0.0023050890558574,0.0061840912612135,13.905057366731892,10.353669795867328,0.1549510933611826,vocalization,0.3454602151112547,2.67533596950557,0.0211066991673867
Fighting__SW__02.wav,5.302259270277813,1.1785118145211664,7.023331898240784,0.0017888986071407,0.0022755671045407,0.0060986254589132,13.905987445417484,10.407786080649814,0.1559252610151136,vocalization,0.333014551050536,2.677163770394756,0.0271325318846792
Huddling__SW__01.wav,4.939988724690642,0.8892519648031167,6.317629523870259,0.0013481275463092,0.0017488363276786,0.0045835070134951,13.9673504508432,10.619625892769088,0.1761756882625498,vocalization,-0.278840852667629,2.2664188805090717,0.1134171055007872
Huddling__SW__02.wav,4.944016501819631,0.887657686810173,6.3109963075886775,0.0013555690694489,0.0017685394642922,0.0045685897589916,13.967343933285804,10.662907682504445,0.1758962515033591,vocalization,-0.2823655191520475,2.2828937199085586,0.1183489062674955
LongIsolation__SW__01.wav,4.27698686692203,1.2820546037118596,6.619530177325219,0.000982638093514,0.0019327119981629,0.004508700100294,13.962729647932504,10.40119071012914,0.1443852288320243,vocalization,0.1692976943986189,1.9745326409514723,0.1236954113621963
LongIsolation__SW__02.wav,4.375245315750754,1.3305066821063145,6.75774176825501,0.0010624416060567,0.0020176612214306,0.0047447291548724,13.958120091135632,10.381181104362003,0.1261536834120494,vocalization,0.2875413860996189,2.131835247360742,0.1346922695371173
MissedNursing__SW__01.wav,5.384237005357557,0.896762098309345,6.695771945716382,0.0013202227097492,0.0012854782333796,0.0032878167113194,13.969853323712238,10.635109844878691,0.1504986894892169,vocalization,-0.113320859891498,2.740464094052476,0.1468041776667622
MissedNursing__SW__02.wav,5.387049024393142,0.8984307295782876,6.70412047968207,0.0013275015122125,0.0013005989733334,0.0033258757600452,13.969121399691442,10.591166696723873,0.1507658048797325,vocalization,-0.1071526877108738,2.728327665559757,0.1405980155977676
NegativeConditioning__SW__01.wav,3.1755103769887127,0.581311096612384,4.085634861386134,0.0001433645455435,0.0001253092212242,0.0003749464421273,13.99896149874563,10.382394789047584,0.3064968585610607,vocalization,-1.6115699490083664,0.0792350099618692,0.042233567451418
NegativeConditioning__SW__02.wav,3.176686988884972,0.5754802824443229,4.078613941513919,0.0001433808457889,0.0001248504019347,0.0003773702421638,13.999005230697565,10.418907210059142,0.3035012824384733,vocalization,-1.62030377729019,0.1020999198419652,0.0490162706473327
NovelObject__SW__01.wav,3.9520388010063376,1.3842657810028116,6.843199406869436,0.0005255452375414,0.000775752265106,0.00214846001305,13.9901741526633,10.336636899249216,0.3286014285228871,vocalization,0.216452309588236,1.0989827816242983,-0.0350640291613968
NovelObject__SW__02.wav,3.9566300273235937,1.3878719344903605,6.849644505840035,0.0005236824958526,0.0007694173128551,0.0021561630396336,13.990770804140984,10.334755404667916,0.3249491272305826,vocalization,0.224085940569229,1.116648887918128,-0.0303240236323314
PositiveConditioning__SW__01.wav,3.23531992962322,0.5631310276430044,4.0325540867565,0.0001345459055974,0.0001297431034262,0.0003823122129331,14.004866375522951,10.439221061743256,0.2670314490926363,vocalization,-1.6288973252546903,0.2733971687476041,0.1003686077749693
PositiveConditioning__SW__02.wav,3.2356571820934628,0.5632818212334187,4.037813250463109,0.0001348268161131,0.0001295888868898,0.0003744203712963,14.005000128297947,10.453670050501657,0.2668047230579415,vocalization,-1.6275556554743809,0.2805071879155043,0.1020889509537426
Restrain__SW__01.wav,5.587159382406031,1.2643074260926197,7.308114241343854,0.0041189232127974,0.0055430064022102,0.0138790314198625,13.81157313511609,9.774435913696363,0.0653722050763741,vocalization,0.7580423219050108,3.035057111615391,-0.1028619439210101
Restrain__SW__02.wav,5.546612921196742,1.3041030045357904,7.28760184174892,0.0044167505710392,0.006952297801741,0.0143996279306727,13.804489561410836,9.754277534774316,0.0654111139848474,vocalization,0.829310220399046,2.985981894112458,-0.1235678710909554
Run__SW__01.wav,4.445584751091485,0.7751606279444392,5.460674344048201,0.0002710994064506,0.00042980438597,0.0008387554118623,13.88045120764894,10.228654146481666,0.0975964289687345,vocalization,-0.7965101039324537,1.9810930271926936,0.0636948548834376
Run__SW__02.wav,4.444228582311934,0.7756547007938387,5.464159034204156,0.0002707579010542,0.0004318655084471,0.0008221117171777,13.881689563871346,10.247541818344054,0.0953243304354541,vocalization,-0.7948146084353976,1.9957086081506952,0.0696788100341269
ShortIsolation__SW__01.wav,4.037331647329291,1.2351987834757263,6.7402274819603925,0.0005833035869842,0.0011745145943585,0.0027660908470526,13.97259612321199,10.240555058867567,0.133082566053108,vocalization,0.0828167734616437,1.846764320874256,0.1244169251414676
ShortIsolation__SW__02.wav,4.051590076119125,1.2099047333829331,6.7378938813434495,0.0005825575273588,0.0012057825480947,0.0027898149849092,13.974626635622544,10.247101860363038,0.1252164616581677,vocalization,0.0572253964670032,1.886243959261348,0.1337161581697182
ShortReunion__SW__01.wav,5.621359387432132,0.988441487564118,6.8314153568059774,0.0048413725565159,0.0045143208625003,0.0133563397241862,13.98307493232888,10.803894449243414,0.0995733637389297,vocalization,0.3374940284454479,3.1051500427349463,0.2221975053199616
ShortReunion__SW__02.wav,5.61773276894566,0.9874365962340954,6.833374845006416,0.0048243482801563,0.004487084799324,0.0133391471466252,13.982206346270926,10.784007773168137,0.1008506927552964,vocalization,0.3349752384611582,3.092357559691321,0.2174224385354086
Surprise__SW__01.wav,3.982213270232746,0.9481720509383484,5.639299071135338,0.0002672436973147,0.0004909401489336,0.0012260031186552,13.988551278036429,10.73925777982311,0.292814986746628,vocalization,-0.6391467493080365,1.117535111020706,0.0579405611954019
Surprise__SW__02.wav,3.9805685982959536,0.9491411073437082,5.649987272482482,0.0002688353656007,0.0004898444048249,0.0012241902310315,13.988473064680417,10.782525343548858,0.2933586438375265,vocalization,-0.6365480878929355,1.131467581437524,0.0613140744712089
brown_noise_01_180s.wav,3.8849694919603333,1.393994256502433,6.701814903119893,0.11176429965455768,0.06588818204856257,0.2545311150640974,5.214953752085329,1.1964278587045796,0.9964203183169753,noise_reference,5.136008311382991,-3.3542969290197058,-14.256695702055241
pink_noise_02_180s.wav,9.292508435310872,0.16462672860958982,9.48748231019128,0.6774076394155856,0.027490640998760793,0.7166165213002246,5.416591272665576,1.3812366124856315,0.7586381847373694,noise_reference,32.76788361153326,-3.3263776668608154,-9.19224258285685
white_noise_03_180s.wav,9.797168957229736,0.00971224695674632,9.811827689912313,0.8429344351055145,0.00765356195805733,0.8545153382173283,5.131490342167448,1.83474179948372,0.49978225502052975,noise_reference,40.64052373045098,-3.056504315642133,-7.851388005381592
